,Time (s),Mean Score,Std
0,5.715184450149536,1100.7379150390625,536.9246826171875
1,10.936414241790771,1104.135986328125,539.2069091796875
2,17.577301025390625,1104.293212890625,543.04052734375
3,23.961969137191772,1108.65234375,539.0964965820312
4,29.473753690719604,1118.341552734375,546.0479736328125
5,35.419145822525024,1112.6112060546875,538.26171875
6,40.6095016002655,1125.0191650390625,549.3837280273438
7,45.774834632873535,1119.4404296875,543.1373291015625
8,52.25186371803284,1126.1163330078125,546.6802368164062
9,58.74762010574341,1135.5968017578125,552.844970703125
10,65.64688229560852,1139.753173828125,553.6593627929688
11,70.94038796424866,1153.4931640625,560.8624877929688
12,76.97224259376526,1152.5443115234375,564.8429565429688
13,83.38773345947266,1149.77392578125,558.7706909179688
14,89.46482968330383,1161.47314453125,570.1104125976562
15,94.68288469314575,1165.8656005859375,567.1061401367188
16,100.48189687728882,1164.9072265625,569.7391357421875
17,107.20160007476807,1174.768310546875,565.3504028320312
18,112.86065244674683,1176.9884033203125,566.9879150390625
19,118.78258490562439,1172.9595947265625,565.4152221679688
20,125.11470460891724,1183.6207275390625,580.4091796875
21,130.88425970077515,1188.2615966796875,572.1390991210938
22,136.91744136810303,1196.1595458984375,579.388916015625
23,143.62723898887634,1193.34033203125,570.2679443359375
24,149.21875190734863,1188.7027587890625,576.5189208984375
25,154.87594723701477,1208.264404296875,581.4285888671875
26,160.958642244339,1196.5504150390625,579.7944946289062
27,167.2223641872406,1213.1279296875,586.4111938476562
28,173.91974306106567,1229.37353515625,594.6380615234375
29,180.38992357254028,1222.236328125,591.9093017578125
30,186.33636045455933,1226.8231201171875,586.9848022460938
31,191.7333345413208,1219.938720703125,586.96533203125
32,197.88403391838074,1225.005126953125,587.5223388671875
33,203.68207907676697,1231.932373046875,595.2149047851562
34,209.60918951034546,1242.5592041015625,596.098388671875
35,215.76164388656616,1234.786376953125,595.1611938476562
36,221.3471176624298,1244.5035400390625,595.7449340820312
37,227.8893280029297,1248.72314453125,601.091064453125
38,234.59946489334106,1254.5999755859375,603.9644165039062
39,240.33134818077087,1260.6328125,600.9844360351562
40,247.5112419128418,1256.2803955078125,602.1890869140625
41,253.78538513183594,1264.1231689453125,611.841064453125
42,259.5139195919037,1273.4759521484375,612.6444091796875
43,265.6283986568451,1276.4783935546875,618.478759765625
44,272.21842789649963,1262.7080078125,606.1590576171875
45,279.2138650417328,1277.5435791015625,613.0520629882812
46,285.4398865699768,1292.5792236328125,622.8497924804688
47,292.9247236251831,1277.6263427734375,606.7127075195312
48,298.99535155296326,1284.53759765625,612.3372192382812
49,305.5951895713806,1288.16796875,621.4598999023438
50,311.84291911125183,1292.9423828125,623.1355590820312
51,317.83775997161865,1298.8624267578125,619.24609375
52,324.8489100933075,1295.6043701171875,624.564208984375
53,331.7802298069,1312.614013671875,637.9935302734375
54,338.3344249725342,1312.6279296875,629.692626953125
55,344.4703233242035,1316.2103271484375,628.370361328125
56,350.65069031715393,1312.151611328125,622.3080444335938
57,357.7361023426056,1327.284423828125,641.0453491210938
58,363.80570363998413,1330.067138671875,635.9859008789062
59,369.759081363678,1326.5555419921875,635.1377563476562
60,375.73014783859253,1336.292724609375,639.421875
61,382.4679229259491,1334.8455810546875,641.9478759765625
62,389.09201169013977,1320.2196044921875,627.9029541015625
63,395.7853240966797,1333.8828125,636.1611938476562
64,402.31236243247986,1342.562744140625,645.6864624023438
65,408.4920711517334,1333.0247802734375,645.2705688476562
66,414.98152685165405,1342.760009765625,643.179443359375
67,421.6144893169403,1349.3468017578125,648.5004272460938
68,428.6492009162903,1337.30078125,634.909423828125
69,435.8756904602051,1362.3251953125,654.9953002929688
70,442.33092188835144,1358.2139892578125,646.5537719726562
71,448.941862821579,1365.1544189453125,654.3670654296875
72,455.632080078125,1374.647216796875,665.3016967773438
73,463.05836033821106,1366.1732177734375,654.8436889648438
74,470.055540561676,1372.162353515625,655.0914306640625
75,476.6975576877594,1380.5623779296875,653.306396484375
76,483.4218719005585,1378.6343994140625,653.306640625
77,490.11251521110535,1378.3787841796875,663.3204956054688
78,496.5691251754761,1378.268798828125,653.128173828125
79,503.04432487487793,1370.6895751953125,649.0973510742188
80,509.60116386413574,1390.3419189453125,665.3909301757812
81,516.6329391002655,1394.003173828125,661.2272338867188
82,523.2072014808655,1390.9459228515625,665.3424682617188
83,530.1472539901733,1385.6632080078125,662.5992431640625
84,536.9967195987701,1388.8067626953125,660.0780639648438
85,544.2885982990265,1397.264404296875,667.0888061523438
86,551.2670774459839,1405.5743408203125,665.0513305664062
87,557.7877376079559,1390.9627685546875,659.6693115234375
88,564.3074858188629,1410.8004150390625,661.5125732421875
89,570.9245352745056,1412.179931640625,669.970947265625
90,578.4535477161407,1406.82080078125,666.0814819335938
91,584.9157385826111,1410.0635986328125,668.5601196289062
92,591.781366109848,1413.5216064453125,670.2635498046875
93,599.3619005680084,1427.4552001953125,682.232666015625
94,606.9237287044525,1418.64794921875,682.1008911132812
95,613.5392725467682,1426.715576171875,679.7401733398438
96,620.0653157234192,1431.93994140625,683.7843017578125
97,627.9858613014221,1414.627197265625,672.0206909179688
98,634.7034900188446,1443.67919921875,691.4564208984375
99,642.2338690757751,1423.396728515625,675.2075805664062
100,649.0190870761871,1422.1951904296875,663.15234375
101,655.9721779823303,1430.407958984375,683.3471069335938
102,662.6257030963898,1435.038818359375,668.4552612304688
103,670.3364269733429,1440.166015625,678.4932861328125
104,677.050252199173,1440.3707275390625,689.9049682617188
105,683.4671187400818,1442.7127685546875,687.093505859375
106,690.2019374370575,1453.8931884765625,684.7413940429688
107,696.8621954917908,1450.54833984375,683.1246948242188
108,704.1497824192047,1455.7823486328125,694.7838745117188
109,710.5957860946655,1447.2291259765625,681.411865234375
110,717.4178216457367,1449.0167236328125,687.5670776367188
111,724.8311128616333,1459.06640625,688.3150634765625
112,733.0414164066315,1454.0975341796875,685.7299194335938
113,740.2112572193146,1460.9095458984375,694.5956420898438
114,746.7315986156464,1461.3763427734375,682.3280639648438
115,754.9184341430664,1473.2283935546875,703.9885864257812
116,761.7815210819244,1468.42041015625,691.4833374023438
117,768.3099639415741,1463.9188232421875,689.1553955078125
118,775.6698830127716,1465.4947509765625,689.8700561523438
119,783.0504627227783,1469.8975830078125,682.8018798828125
120,790.2324404716492,1478.8443603515625,696.2053833007812
121,797.0776259899139,1484.6099853515625,705.3794555664062
122,803.6134819984436,1484.1551513671875,702.78125
123,810.8507344722748,1489.8951416015625,700.141357421875
124,817.4482944011688,1469.46240234375,687.0850830078125
125,825.1007902622223,1480.5975341796875,692.96484375
126,831.7018640041351,1495.90673828125,710.1567993164062
127,839.1411783695221,1482.805908203125,706.5293579101562
128,846.0586264133453,1492.6771240234375,711.0117797851562
129,853.202365398407,1481.3800048828125,706.9486083984375
130,859.7548837661743,1508.03759765625,709.9827270507812
131,868.0466201305389,1498.9691162109375,703.505126953125
132,874.7535510063171,1506.1075439453125,709.4326171875
133,882.2703759670258,1491.67236328125,696.2269897460938
134,890.7195799350739,1509.0103759765625,714.3587036132812
135,897.3758347034454,1499.400390625,702.9879760742188
136,904.3728604316711,1503.4747314453125,701.3931884765625
137,911.4923467636108,1505.9195556640625,706.9180908203125
138,917.8827197551727,1501.2415771484375,701.1812744140625
139,925.5246651172638,1510.037109375,720.1288452148438
140,931.9223504066467,1511.1971435546875,713.3990478515625
141,939.0514810085297,1518.9683837890625,713.6852416992188
142,945.6029608249664,1497.3875732421875,692.9694213867188
143,952.870824098587,1516.6043701171875,721.3327026367188
144,960.8718860149384,1523.7611083984375,716.1129150390625
145,968.6582708358765,1510.5423583984375,701.7129516601562
146,975.4203681945801,1523.5599365234375,714.7713012695312
147,982.3424513339996,1517.815185546875,720.9215698242188
148,989.3904521465302,1524.2071533203125,716.6522827148438
149,996.9044198989868,1518.3431396484375,714.4403076171875
150,1004.6850965023041,1528.509521484375,718.245361328125
151,1011.9751501083374,1531.376708984375,716.1486206054688
152,1019.6384878158569,1543.46875,727.162841796875
153,1026.8537786006927,1534.6483154296875,721.1983032226562
154,1035.1345751285553,1544.604736328125,731.9937744140625
155,1042.748964548111,1540.2947998046875,715.51025390625
156,1050.8520901203156,1533.3155517578125,709.39990234375
157,1057.6658589839935,1536.95751953125,711.8068237304688
158,1064.5690808296204,1537.3511962890625,719.5775146484375
159,1071.334542274475,1548.4879150390625,723.5494384765625
160,1078.7271037101746,1550.364013671875,722.459228515625
161,1085.5063996315002,1548.9771728515625,723.1390991210938
162,1093.1795616149902,1535.77197265625,704.814208984375
163,1100.8960454463959,1550.0411376953125,730.1273193359375
164,1108.6032354831696,1559.2655029296875,736.7965087890625
165,1116.845163345337,1554.3187255859375,734.9471435546875
166,1124.7025561332703,1559.47119140625,725.0322875976562
167,1131.7751746177673,1567.5787353515625,736.490966796875
168,1139.5667190551758,1551.498779296875,728.0891723632812
169,1147.0311841964722,1560.4095458984375,737.5812377929688
170,1154.6295545101166,1559.59521484375,736.3822631835938
171,1161.2651178836823,1564.8463134765625,728.2518920898438
172,1169.019368171692,1563.97314453125,736.4563598632812
173,1175.9855825901031,1572.3167724609375,729.5584106445312
174,1182.8369846343994,1580.6859130859375,749.9635009765625
175,1190.0074644088745,1578.4683837890625,750.689453125
176,1197.367956161499,1571.985107421875,729.3273315429688
177,1205.4503655433655,1581.7227783203125,746.5508422851562
178,1213.0304160118103,1586.2635498046875,745.1453857421875
179,1220.455729484558,1582.02197265625,744.6799926757812
180,1228.3032190799713,1589.6055908203125,739.35693359375
181,1235.6324183940887,1580.11669921875,741.3423461914062
182,1242.5454483032227,1581.595947265625,736.0864868164062
183,1249.507238149643,1590.3076171875,737.3027954101562
184,1257.2050070762634,1592.669189453125,744.3939208984375
185,1264.7443373203278,1582.5155029296875,738.1907958984375
186,1273.0650088787079,1602.3828125,747.2214965820312
187,1281.488625049591,1599.6588134765625,742.36376953125
188,1289.546366930008,1604.4044189453125,757.433837890625
189,1297.8035345077515,1600.8883056640625,747.6668090820312
190,1305.179042339325,1598.9063720703125,747.4678344726562
191,1312.7143206596375,1613.52001953125,757.7308959960938
192,1320.654911518097,1590.4327392578125,743.0089111328125
193,1328.5130286216736,1608.93115234375,747.6171875
194,1336.292948961258,1611.62841796875,747.5751953125
195,1344.0201416015625,1621.268798828125,750.1087646484375
196,1351.0609543323517,1608.2823486328125,751.5596313476562
197,1358.293847322464,1612.2711181640625,756.9376831054688
198,1366.0112891197205,1632.439208984375,760.5283813476562
199,1374.0635678768158,1620.409912109375,760.2218627929688
200,1381.2385833263397,1620.8023681640625,749.4258422851562
201,1389.0108478069305,1613.9547119140625,748.3740844726562
202,1396.6488168239594,1619.00439453125,751.0369873046875
203,1404.2839515209198,1631.3092041015625,750.8223876953125
204,1411.7999591827393,1636.5648193359375,762.9161376953125
205,1419.8697497844696,1626.9267578125,755.96728515625
206,1427.1978693008423,1631.2255859375,756.4878540039062
207,1435.0469648838043,1629.74755859375,770.6320190429688
208,1442.0965209007263,1636.59716796875,761.5045776367188
209,1450.322156906128,1636.22998046875,761.048583984375
210,1458.7634613513947,1634.5247802734375,764.4542846679688
211,1466.2850410938263,1640.1343994140625,763.4869384765625
212,1473.745257139206,1638.8123779296875,759.732666015625
213,1481.6380207538605,1645.569580078125,764.0838623046875
214,1489.7333676815033,1648.4771728515625,770.5952758789062
215,1497.5428969860077,1639.3179931640625,775.560546875
216,1505.3633739948273,1644.8155517578125,766.9931030273438
217,1513.091784477234,1629.6051025390625,770.2635498046875
218,1520.412342786789,1643.998779296875,754.6615600585938
219,1528.2417917251587,1651.8675537109375,773.9039306640625
220,1536.1260168552399,1659.3575439453125,777.1152954101562
221,1543.6206154823303,1659.2052001953125,779.6641845703125
222,1550.909998178482,1662.5968017578125,777.9728393554688
223,1559.5285439491272,1677.3187255859375,775.6319580078125
224,1567.9944939613342,1649.9267578125,774.1512451171875
225,1575.763302564621,1675.7471923828125,781.4841918945312
226,1583.861585855484,1675.1571044921875,772.7080688476562
227,1591.7179925441742,1665.90234375,775.2850341796875
228,1599.9844636917114,1661.1875,776.5044555664062
229,1607.6658446788788,1661.18115234375,766.9070434570312
230,1616.0235764980316,1675.4940185546875,788.89501953125
231,1624.5138590335846,1671.0819091796875,773.1851806640625
232,1632.1300113201141,1684.63232421875,780.2186889648438
233,1639.6587059497833,1674.4931640625,778.5960083007812
234,1647.5292329788208,1675.4779052734375,782.4829711914062
235,1655.0552399158478,1674.7811279296875,788.34130859375
236,1663.5365581512451,1686.188720703125,784.4202270507812
237,1671.446242570877,1681.4051513671875,782.2734375
238,1679.0826737880707,1696.9423828125,788.0899047851562
239,1687.630581855774,1681.2615966796875,781.521484375
240,1695.337072134018,1688.001953125,799.0250854492188
241,1703.013720035553,1708.3475341796875,784.01611328125
242,1710.1880478858948,1695.56591796875,785.00048828125
243,1718.0341210365295,1702.32470703125,794.5638427734375
244,1726.2716450691223,1701.7799072265625,792.4903564453125
245,1734.178597688675,1699.575927734375,784.1068725585938
246,1742.83309841156,1720.6007080078125,803.62109375
247,1751.397868156433,1709.8775634765625,810.290283203125
248,1759.4275124073029,1706.9652099609375,796.13037109375
249,1767.3618206977844,1709.7147216796875,799.2836303710938
250,1774.686588048935,1715.8751220703125,787.2565307617188
251,1782.2230405807495,1712.067138671875,795.1592407226562
252,1789.8589284420013,1719.3447265625,793.2625122070312
253,1798.4766306877136,1717.023193359375,784.9664306640625
254,1806.685137271881,1720.058349609375,800.2301025390625
255,1815.0384933948517,1727.974365234375,803.7412109375
256,1823.5247340202332,1727.533935546875,801.5765380859375
257,1831.559892654419,1712.053955078125,786.9283447265625
258,1839.47598195076,1746.7423095703125,817.0198974609375
259,1847.3070900440216,1731.283203125,795.4005737304688
260,1854.7747120857239,1732.2587890625,792.4286499023438
261,1863.3802268505096,1737.0880126953125,803.8021850585938
262,1871.2199053764343,1741.283203125,818.9677124023438
263,1878.9741322994232,1735.2203369140625,812.0178833007812
264,1887.3876078128815,1740.38720703125,813.3107299804688
265,1895.8424775600433,1746.68115234375,820.04296875
266,1903.7396397590637,1740.8851318359375,808.3740234375
267,1911.2211825847626,1736.1614990234375,808.183349609375
268,1919.4399783611298,1738.3223876953125,811.214599609375
269,1927.1101055145264,1747.3199462890625,812.2298583984375
270,1935.0624656677246,1749.5263671875,807.4318237304688
271,1942.902045249939,1766.8751220703125,821.586181640625
272,1951.7828705310822,1750.4095458984375,824.6690063476562
273,1959.8045439720154,1781.4859619140625,828.41748046875
274,1968.3262748718262,1764.6187744140625,826.5784301757812
275,1976.562457561493,1757.657958984375,809.1743774414062
276,1984.5588574409485,1760.1112060546875,834.5424194335938
277,1993.390200138092,1765.290771484375,824.0511474609375
278,2002.160100221634,1782.50390625,831.4417724609375
279,2010.2513673305511,1764.6883544921875,813.71875
280,2018.3713676929474,1782.301513671875,823.9573974609375
281,2026.7526335716248,1775.56396484375,818.9213256835938
282,2034.4013829231262,1770.3695068359375,821.162353515625
283,2043.0518400669098,1774.5711669921875,839.4096069335938
284,2051.021462202072,1781.7119140625,822.9785766601562
285,2059.406456708908,1791.5047607421875,837.9253540039062
286,2067.789817094803,1787.21630859375,828.8595581054688
287,2076.475896835327,1787.01318359375,827.7669067382812
288,2083.8049545288086,1794.8619384765625,829.1480712890625
289,2091.623929977417,1801.26513671875,834.4559936523438
290,2099.757298231125,1806.231201171875,854.311767578125
291,2108.032296180725,1799.7183837890625,832.2251586914062
292,2116.124053001404,1789.755615234375,825.2802124023438
293,2123.8525047302246,1803.3468017578125,831.4713745117188
294,2131.9241557121277,1808.38671875,853.0887451171875
295,2140.4832191467285,1813.089599609375,850.14990234375
296,2148.456118106842,1811.4107666015625,835.422119140625
297,2156.565852880478,1819.4091796875,838.0909423828125
298,2164.9077801704407,1816.438720703125,864.0516357421875
299,2173.043838262558,1826.71875,856.2586669921875
300,2181.4502243995667,1832.9407958984375,859.7289428710938
301,2189.854458808899,1819.13037109375,852.5152587890625
302,2197.7484080791473,1822.702392578125,845.053955078125
303,2206.047305583954,1815.3167724609375,849.3983154296875
304,2213.7506804466248,1838.193603515625,853.9013061523438
305,2222.14727640152,1835.6495361328125,860.5880126953125
306,2229.866761445999,1838.401123046875,864.820068359375
307,2237.9096596240997,1840.5263671875,854.6878662109375
308,2246.7413692474365,1842.8531494140625,852.3449096679688
309,2255.452315568924,1851.44677734375,864.2999267578125
310,2263.3841757774353,1831.783935546875,845.5933837890625
311,2271.424296140671,1840.97314453125,858.0328979492188
312,2279.5272150039673,1848.7635498046875,863.4568481445312
313,2287.5226061344147,1852.9515380859375,865.7064208984375
314,2296.0668647289276,1850.8074951171875,868.5342407226562
315,2305.555886745453,1846.9619140625,860.654296875
316,2314.3961017131805,1866.974365234375,874.6905517578125
317,2323.37903380394,1865.19873046875,881.7546997070312
318,2331.611299753189,1855.797607421875,873.235107421875
319,2339.9497373104095,1864.677978515625,874.0444946289062
320,2348.243952035904,1855.2227783203125,869.2874755859375
321,2357.054365158081,1880.748779296875,892.5157470703125
322,2365.013878583908,1857.720703125,861.9559936523438
323,2373.945950269699,1874.7235107421875,881.2523193359375
324,2381.9002327919006,1857.6627197265625,867.6693725585938
325,2390.4070665836334,1881.4219970703125,876.9303588867188
326,2398.9422187805176,1874.646728515625,877.80908203125
327,2408.521742105484,1878.553955078125,883.9453125
328,2417.2335045337677,1891.7171630859375,897.5315551757812
329,2426.407381772995,1884.722412109375,877.22802734375
330,2434.2394762039185,1897.164306640625,878.9725341796875
331,2443.5719451904297,1902.9315185546875,909.4381103515625
332,2452.3183257579803,1902.560791015625,892.3572998046875
333,2460.7388377189636,1884.8743896484375,874.7740478515625
334,2469.1288306713104,1903.993896484375,879.3296508789062
335,2477.7801225185394,1889.8031005859375,886.4365234375
336,2486.1029257774353,1911.569091796875,900.36669921875
337,2494.7220895290375,1903.777587890625,892.8616943359375
338,2503.2829411029816,1903.3787841796875,892.8818359375
339,2513.29665851593,1925.691162109375,904.9570922851562
340,2521.738765478134,1922.6256103515625,910.6445922851562
341,2530.3046085834503,1924.3123779296875,892.1603393554688
342,2538.559624195099,1932.31396484375,905.583984375
343,2546.8002808094025,1918.726806640625,899.0625610351562
344,2555.6856553554535,1943.3807373046875,916.0107421875
345,2564.7569177150726,1936.839111328125,913.2152709960938
346,2573.944256544113,1956.168701171875,932.12255859375
347,2583.1156380176544,1943.1971435546875,914.6866455078125
348,2591.864324569702,1942.595947265625,929.2928466796875
349,2600.8744945526123,1940.115966796875,909.9544067382812
350,2609.2593772411346,1947.8271484375,921.0272216796875
351,2618.1511266231537,1950.7611083984375,925.5740966796875
352,2626.824652194977,1950.5191650390625,921.084228515625
353,2635.893234014511,1954.7159423828125,919.5158081054688
354,2644.7046546936035,1953.5467529296875,909.6210327148438
355,2653.302237033844,1938.8211669921875,916.2954711914062
356,2661.6883883476257,1962.29638671875,924.9843139648438
357,2670.5856618881226,1949.5867919921875,916.2737426757812
358,2679.5461106300354,1960.68359375,911.831787109375
359,2688.469573020935,1959.30517578125,929.8646850585938
360,2699.456602573395,1972.5703125,928.9948120117188
361,2708.2077181339264,1955.279541015625,932.260009765625
362,2716.798563718796,1961.6112060546875,923.1871337890625
363,2725.449177503586,1985.5687255859375,942.2351684570312
364,2734.4300966262817,2002.969970703125,954.552734375
365,2743.618237018585,1976.333984375,944.3082885742188
366,2752.2098622322083,1984.50634765625,938.3994750976562
367,2763.9161427021027,1991.370361328125,952.3635864257812
368,2773.7231595516205,2005.6939697265625,943.2386474609375
369,2782.2409851551056,2001.16357421875,936.1941528320312
370,2792.057409763336,1995.555908203125,946.764892578125
371,2800.5857951641083,1995.2052001953125,956.2128295898438
372,2808.85040640831,1996.454345703125,938.5100708007812
373,2817.27828001976,2011.124755859375,953.6482543945312
374,2825.9385857582092,2015.4759521484375,957.7608032226562
375,2834.237653493881,2003.8875732421875,957.6695556640625
376,2842.961671113968,1993.0718994140625,945.1686401367188
377,2851.4376170635223,2011.739501953125,958.5679321289062
378,2860.0691397190094,2011.5267333984375,944.6055297851562
379,2869.833785057068,2035.230712890625,968.3148193359375
380,2878.703169822693,2018.1962890625,958.5736083984375
381,2888.7967171669006,2038.78076171875,968.45166015625
382,2900.116327047348,2030.16552734375,983.5573120117188
383,2908.7156965732574,2026.0391845703125,954.581787109375
384,2917.4694151878357,2030.1351318359375,966.732177734375
385,2926.004192352295,2050.9267578125,975.1212768554688
386,2934.527845144272,2036.476806640625,956.200439453125
387,2943.7357456684113,2060.967041015625,986.8854370117188
388,2952.5386662483215,2042.985107421875,969.6378173828125
389,2962.416388988495,2073.6591796875,987.9564819335938
390,2972.2147676944733,2038.308349609375,966.4467163085938
391,2981.1024055480957,2065.14404296875,981.3185424804688
392,2989.860828399658,2066.0068359375,987.211181640625
393,2999.5787692070007,2048.365234375,976.986572265625
394,3008.4354474544525,2054.626708984375,963.2386474609375
395,3016.7761557102203,2080.3115234375,989.9478149414062
396,3025.638404607773,2077.529052734375,1004.7406005859375
397,3034.78010225296,2073.396240234375,1005.4300537109375
398,3044.4314630031586,2057.59326171875,984.0826416015625
399,3053.1185274124146,2079.018310546875,989.1718139648438
400,3062.8423688411713,2085.0888671875,992.8890380859375
401,3071.7684552669525,2075.1171875,991.1783447265625
402,3081.9803516864777,2079.219970703125,1005.2387084960938
403,3090.9678606987,2105.312255859375,992.4485473632812
404,3102.425104379654,2088.29345703125,1006.7456665039062
405,3113.2911953926086,2085.999267578125,988.4834594726562
406,3122.5096838474274,2099.173583984375,1009.6813354492188
407,3132.668095588684,2073.880859375,1006.5416870117188
408,3141.92529129982,2105.241455078125,1011.020263671875
409,3150.6661083698273,2094.0908203125,993.731689453125
410,3160.8068630695343,2106.6748046875,1021.694580078125
411,3171.326073408127,2105.945556640625,1009.0928344726562
412,3180.3164327144623,2131.43994140625,1006.9141235351562
413,3191.1426577568054,2119.51953125,1014.6735229492188
414,3200.6658680438995,2103.080810546875,1009.7883911132812
415,3210.344000339508,2126.626708984375,1011.289794921875
416,3220.00150847435,2142.175048828125,1026.714111328125
417,3229.3404202461243,2114.899169921875,1008.6359252929688
418,3238.8669667243958,2142.916748046875,1034.2640380859375
419,3248.0635747909546,2127.37109375,1017.915771484375
420,3257.8018894195557,2130.333984375,1014.9678344726562
421,3267.5699298381805,2137.818359375,1021.1690673828125
422,3277.0633301734924,2141.661865234375,1024.6868896484375
423,3287.009696483612,2119.0556640625,1013.465576171875
424,3297.7795696258545,2157.371826171875,1054.340087890625
425,3307.3008737564087,2159.85205078125,1038.1322021484375
426,3316.769596338272,2152.147216796875,1027.6849365234375
427,3326.487763404846,2163.272705078125,1037.65283203125
428,3338.5262439250946,2149.753662109375,1036.980712890625
429,3348.6945283412933,2168.363037109375,1035.0120849609375
430,3359.6624739170074,2151.84521484375,1031.619873046875
431,3368.7213139533997,2185.011474609375,1051.7877197265625
432,3377.922097682953,2164.35791015625,1033.8204345703125
433,3387.0491943359375,2164.70068359375,1033.4259033203125
434,3397.509709596634,2182.179931640625,1050.3358154296875
435,3408.2569794654846,2194.696044921875,1055.388427734375
436,3418.47843170166,2189.7607421875,1056.995361328125
437,3430.310527086258,2190.830322265625,1061.5892333984375
438,3440.8129453659058,2193.38720703125,1056.5111083984375
439,3451.10076546669,2183.08984375,1061.5472412109375
440,3461.900190114975,2203.773193359375,1064.85986328125
441,3471.681842803955,2178.35986328125,1044.665283203125
442,3482.017831325531,2203.435546875,1065.4532470703125
443,3492.3903756141663,2199.080810546875,1044.158203125
444,3502.094993829727,2211.5234375,1072.2232666015625
445,3511.496987104416,2224.047607421875,1065.445556640625
446,3522.122343301773,2199.91357421875,1045.15869140625
447,3533.0196130275726,2213.48876953125,1090.7310791015625
448,3543.5024909973145,2205.5126953125,1077.48779296875
449,3554.4426259994507,2215.021240234375,1069.4586181640625
450,3564.245787858963,2231.651611328125,1084.019287109375
451,3574.103592634201,2217.29150390625,1062.572998046875
452,3583.3319957256317,2226.974365234375,1087.248291015625
453,3593.8540477752686,2230.90478515625,1086.97705078125
454,3604.727371931076,2232.783935546875,1085.607421875
455,3615.249564886093,2234.263427734375,1069.239990234375
456,3626.940071582794,2229.12646484375,1083.204345703125
457,3638.0702562332153,2226.23681640625,1072.3992919921875
458,3649.014116048813,2225.26318359375,1083.7955322265625
459,3660.098243713379,2228.620361328125,1087.32275390625
460,3671.3323242664337,2255.168701171875,1104.9788818359375
461,3681.5965769290924,2247.171875,1084.2774658203125
462,3692.8569102287292,2238.51025390625,1085.68798828125
463,3703.1468489170074,2245.05712890625,1085.68212890625
464,3714.0143048763275,2263.744384765625,1104.7513427734375
465,3724.6923372745514,2264.285888671875,1106.2535400390625
466,3735.4150309562683,2251.891845703125,1108.0338134765625
467,3745.7381768226624,2254.77685546875,1087.90380859375
468,3755.6366314888,2286.266357421875,1128.499267578125
469,3765.376045703888,2287.615234375,1104.951171875
470,3775.831723690033,2264.720703125,1100.356689453125
471,3787.4853253364563,2287.20068359375,1119.6630859375
472,3798.6029999256134,2269.514404296875,1097.185302734375
473,3809.3425142765045,2282.9248046875,1118.8914794921875
474,3819.7746465206146,2281.39990234375,1105.05419921875
475,3829.2824816703796,2274.0751953125,1097.1397705078125
476,3841.4682233333588,2313.153564453125,1146.427978515625
477,3852.6068708896637,2274.724365234375,1124.0137939453125
478,3863.585777759552,2306.695068359375,1139.264404296875
479,3874.630793571472,2305.799072265625,1126.2822265625
480,3884.7119472026825,2292.021484375,1131.295654296875
481,3897.458719730377,2320.958251953125,1138.202392578125
482,3908.9798069000244,2324.900634765625,1143.114501953125
483,3918.531697511673,2312.605224609375,1118.180419921875
484,3929.6742119789124,2304.27685546875,1119.65869140625
485,3940.3589198589325,2329.398681640625,1141.2994384765625
486,3952.8775548934937,2325.991455078125,1134.8348388671875
487,3962.6082904338837,2310.129150390625,1135.2109375
488,3973.422859430313,2327.21484375,1131.968017578125
489,3985.5030176639557,2323.451171875,1109.37060546875
490,3997.618766307831,2319.655517578125,1133.6231689453125
491,4009.720781326294,2356.236328125,1166.002197265625
492,4022.217217683792,2337.021484375,1139.9368896484375
493,4033.285544395447,2337.453125,1130.5738525390625
494,4043.140125274658,2355.3486328125,1147.2420654296875
495,4055.2558369636536,2356.40625,1153.7119140625
496,4067.6328704357147,2335.69921875,1151.2366943359375
497,4078.039806842804,2329.471435546875,1159.816162109375
498,4088.213393688202,2347.388671875,1156.4898681640625
499,4100.984970092773,2374.939453125,1185.27099609375
500,4112.205425262451,2365.67822265625,1161.5098876953125
501,4122.725921630859,2340.254638671875,1136.5804443359375
502,4132.701423168182,2368.1396484375,1157.24072265625
503,4143.63907456398,2372.95068359375,1153.133544921875
504,4155.745951652527,2374.578857421875,1150.543212890625
505,4167.673681497574,2348.9619140625,1156.1461181640625
506,4178.814348697662,2366.299560546875,1170.1458740234375
507,4189.706625461578,2391.33349609375,1182.8800048828125
508,4200.606477737427,2376.02880859375,1169.9815673828125
509,4211.498140096664,2382.74755859375,1173.82080078125
510,4223.119825601578,2362.323974609375,1165.4324951171875
511,4236.194680690765,2380.21142578125,1171.6956787109375
512,4247.710113763809,2401.932373046875,1186.5062255859375
513,4259.07581281662,2416.1484375,1199.0211181640625
514,4269.168789625168,2379.133056640625,1159.489990234375
515,4280.307922124863,2384.453125,1167.0130615234375
516,4291.299253940582,2416.7294921875,1201.0380859375
517,4303.717873334885,2405.381591796875,1193.8065185546875
518,4313.863890171051,2413.3486328125,1169.130615234375
519,4324.440537452698,2402.689208984375,1177.150634765625
520,4335.99514913559,2406.156005859375,1184.6480712890625
521,4346.832079648972,2413.55712890625,1190.349365234375
522,4358.539407253265,2402.112060546875,1191.064697265625
523,4371.4010643959045,2409.14501953125,1188.509765625
524,4384.757781982422,2422.998291015625,1204.0889892578125
525,4395.997007846832,2410.34521484375,1171.910888671875
526,4407.430807352066,2407.0244140625,1193.814453125
527,4420.108371734619,2433.11083984375,1202.374755859375
528,4430.68884062767,2419.000244140625,1185.470458984375
529,4442.160729408264,2440.2802734375,1215.2010498046875
530,4454.374598503113,2430.24365234375,1220.2186279296875
531,4465.4196600914,2446.676025390625,1215.02587890625
532,4477.4259996414185,2427.13623046875,1207.4615478515625
533,4487.052544593811,2433.8515625,1198.1873779296875
534,4497.42934012413,2438.09033203125,1196.243408203125
535,4509.162322282791,2444.61279296875,1205.18896484375
536,4520.365916490555,2444.637939453125,1202.72705078125
537,4532.806758880615,2443.726318359375,1205.297607421875
538,4544.911555290222,2452.5322265625,1213.13427734375
539,4557.38636302948,2442.03955078125,1220.3953857421875
540,4568.173357009888,2452.22265625,1203.3966064453125
541,4580.13391327858,2472.914306640625,1233.8626708984375
542,4591.952055692673,2461.9931640625,1202.86865234375
543,4604.417906045914,2449.023193359375,1209.304443359375
544,4615.914774417877,2466.358642578125,1219.8245849609375
545,4627.051500797272,2484.821533203125,1245.9366455078125
546,4638.072224140167,2464.07421875,1210.0740966796875
547,4649.85258436203,2461.815185546875,1201.6197509765625
548,4660.8753044605255,2475.64501953125,1200.5289306640625
549,4671.734788417816,2489.5419921875,1223.981201171875
550,4685.424976110458,2501.6572265625,1224.1728515625
551,4698.433461427689,2494.520263671875,1230.8939208984375
552,4710.398495197296,2489.368408203125,1231.8099365234375
553,4723.042721986771,2494.949462890625,1246.4012451171875
554,4735.545703649521,2481.159423828125,1222.1341552734375
555,4747.416490077972,2490.356689453125,1221.9776611328125
556,4758.746956825256,2501.305419921875,1234.55859375
557,4769.589336395264,2486.314453125,1213.379150390625
558,4783.6151123046875,2500.206298828125,1241.71533203125
559,4795.217415094376,2500.577880859375,1235.394287109375
560,4806.733322620392,2515.3154296875,1229.3521728515625
561,4817.673975944519,2495.84033203125,1212.7666015625
562,4830.199485063553,2515.19677734375,1243.63916015625
563,4841.8413598537445,2512.998291015625,1255.7369384765625
564,4853.977255582809,2517.649658203125,1263.8165283203125
565,4865.979864120483,2531.384765625,1252.1495361328125
566,4877.630486488342,2528.982666015625,1240.360595703125
567,4890.241114139557,2519.742431640625,1246.5303955078125
568,4901.656226873398,2521.867431640625,1254.892822265625
569,4912.067992448807,2514.39599609375,1249.4007568359375
570,4923.464705944061,2527.91845703125,1253.558349609375
571,4935.766026258469,2546.7314453125,1283.4171142578125
572,4948.0112092494965,2521.859619140625,1248.3516845703125
573,4960.968049764633,2540.552001953125,1273.2847900390625
574,4973.369929790497,2526.60205078125,1253.2052001953125
575,4984.779973983765,2544.923095703125,1266.264892578125
576,4999.2473340034485,2510.062744140625,1237.2752685546875
577,5009.2840666770935,2552.78515625,1253.4180908203125
578,5021.928223848343,2552.87353515625,1268.015869140625
579,5033.532028913498,2550.498779296875,1270.1409912109375
580,5044.118593215942,2534.16943359375,1259.274658203125
581,5055.896039485931,2557.2431640625,1265.611328125
582,5068.169758081436,2566.083984375,1256.96142578125
583,5080.58993434906,2533.1748046875,1256.6641845703125
584,5091.806305408478,2570.96240234375,1280.485107421875
585,5105.8093502521515,2544.9951171875,1252.7464599609375
586,5117.248188495636,2552.947998046875,1275.6678466796875
587,5129.883859395981,2568.08349609375,1273.1126708984375
588,5141.769591808319,2570.18994140625,1259.49462890625
589,5153.152564287186,2596.033447265625,1293.6961669921875
590,5166.427618980408,2565.796630859375,1283.078369140625
591,5178.623694419861,2557.44873046875,1268.2310791015625
592,5190.344449520111,2601.166015625,1308.964599609375
593,5202.658473968506,2574.385498046875,1283.869140625
594,5215.163347005844,2566.3935546875,1271.8701171875
595,5226.873173236847,2586.82275390625,1286.697509765625
596,5238.206547021866,2591.23388671875,1289.03515625
597,5250.443501472473,2601.197021484375,1291.4466552734375
598,5264.508810997009,2601.774658203125,1305.9940185546875
599,5276.300497770309,2586.42041015625,1285.0054931640625
600,5288.812297105789,2602.67236328125,1311.3536376953125
601,5299.949363231659,2597.16064453125,1281.2501220703125
602,5311.758248806,2613.70751953125,1314.6229248046875
603,5323.163387060165,2586.05224609375,1279.0377197265625
604,5337.2694001197815,2626.37841796875,1312.945556640625
605,5350.833481311798,2607.5615234375,1295.4324951171875
606,5364.728092432022,2605.09423828125,1302.761962890625
607,5377.301218986511,2643.19921875,1310.5615234375
608,5389.169822692871,2613.119140625,1293.1275634765625
609,5402.653452157974,2591.881591796875,1305.9124755859375
610,5414.282236099243,2616.231201171875,1298.1934814453125
611,5425.808827161789,2617.572021484375,1299.1055908203125
612,5438.776670694351,2608.7060546875,1307.443603515625
613,5451.9620752334595,2591.275634765625,1290.935546875
614,5463.606257915497,2598.13623046875,1293.711669921875
615,5474.158697128296,2611.045166015625,1301.1954345703125
616,5487.379411935806,2625.352294921875,1319.8887939453125
617,5499.856559276581,2636.637939453125,1306.6387939453125
618,5514.3852508068085,2647.429443359375,1316.92919921875
619,5525.837733268738,2619.3798828125,1294.204833984375
620,5538.361520767212,2623.007568359375,1295.0645751953125
621,5549.556279659271,2614.07958984375,1289.9036865234375
622,5561.630406618118,2643.39111328125,1321.7216796875
623,5573.509765148163,2620.26318359375,1292.2642822265625
624,5585.4922931194305,2665.191162109375,1325.819580078125
625,5597.4138770103455,2660.3818359375,1336.9888916015625
626,5610.512718200684,2631.51123046875,1321.8514404296875
627,5623.7793736457825,2651.6416015625,1332.344970703125
628,5635.659350156784,2654.3046875,1334.6826171875
629,5648.525015830994,2667.566650390625,1334.8551025390625
630,5661.0929453372955,2651.984375,1315.247314453125
631,5672.546227931976,2625.916259765625,1309.03466796875
632,5684.561961650848,2668.4990234375,1350.393310546875
633,5696.9663944244385,2644.322265625,1319.100341796875
634,5708.902248620987,2653.7138671875,1311.5357666015625
635,5721.451995611191,2657.345947265625,1334.2237548828125
636,5732.778424501419,2627.410400390625,1293.587158203125
637,5744.747991323471,2652.9267578125,1327.8035888671875
638,5759.087414741516,2681.379638671875,1368.728515625
639,5771.980296611786,2659.8955078125,1329.62744140625
640,5787.253074884415,2655.068359375,1322.761474609375
641,5799.645132780075,2678.45068359375,1341.4364013671875
642,5811.310913801193,2683.664306640625,1314.6759033203125
643,5823.1488654613495,2679.407958984375,1332.0653076171875
644,5835.531745195389,2695.60791015625,1352.8389892578125
645,5850.154673576355,2674.20556640625,1343.1024169921875
646,5861.643836736679,2696.55517578125,1338.49755859375
647,5873.18061041832,2676.689208984375,1332.1910400390625
648,5889.334444761276,2705.352294921875,1373.99462890625
649,5905.224829673767,2680.1962890625,1352.06396484375
650,5917.267265796661,2696.47021484375,1338.003662109375
651,5929.416993141174,2708.97802734375,1352.16748046875
652,5942.188241481781,2687.467041015625,1354.895263671875
653,5954.241288661957,2679.511474609375,1324.0330810546875
654,5968.265081882477,2706.004638671875,1337.275634765625
655,5981.757149219513,2724.32275390625,1343.5006103515625
656,5992.95984172821,2700.79150390625,1346.656982421875
657,6005.3466539382935,2695.853515625,1345.0018310546875
658,6018.226308345795,2671.646240234375,1317.7603759765625
659,6031.032297611237,2709.392333984375,1330.091552734375
660,6042.696090459824,2713.558349609375,1364.1302490234375
661,6057.556498527527,2692.0615234375,1347.467529296875
662,6070.131483078003,2732.29150390625,1377.5382080078125
663,6082.389367818832,2719.522705078125,1363.31396484375
664,6095.547001123428,2705.026611328125,1368.826904296875
665,6108.293436765671,2707.003173828125,1350.2713623046875
666,6121.539120674133,2712.620361328125,1351.0445556640625
667,6134.163147211075,2722.338623046875,1367.76025390625
668,6145.669818639755,2696.679443359375,1345.838623046875
669,6160.234464168549,2713.76513671875,1360.6893310546875
670,6172.453854799271,2711.624755859375,1362.4268798828125
671,6184.279583930969,2694.914306640625,1335.640869140625
672,6197.973080396652,2712.06787109375,1349.3255615234375
673,6210.212978839874,2731.13720703125,1382.2049560546875
674,6222.253523111343,2727.467041015625,1375.33154296875
675,6235.122517108917,2713.578369140625,1376.3934326171875
676,6247.877657413483,2726.615478515625,1368.9771728515625
677,6261.148206233978,2737.263916015625,1359.6737060546875
678,6274.221081018448,2721.852294921875,1371.3720703125
679,6288.820746421814,2721.124267578125,1362.7059326171875
680,6301.210613250732,2739.99755859375,1354.3326416015625
681,6314.013268232346,2729.582275390625,1375.671142578125
682,6327.358485460281,2728.620361328125,1366.899658203125
683,6338.464866161346,2738.6572265625,1365.8814697265625
684,6352.469903469086,2755.2236328125,1380.29443359375
685,6365.201591253281,2740.759033203125,1367.2852783203125
686,6379.776478052139,2725.592041015625,1357.771484375
687,6392.473120689392,2738.86279296875,1368.3995361328125
688,6404.918105363846,2750.870849609375,1379.3714599609375
689,6416.848038434982,2771.021484375,1393.101806640625
690,6429.961200714111,2746.913818359375,1392.4114990234375
691,6442.611598968506,2748.676025390625,1370.29931640625
692,6454.396552801132,2767.58154296875,1398.794921875
693,6466.672289609909,2762.097412109375,1381.92041015625
694,6479.1826231479645,2756.0654296875,1362.1824951171875
695,6491.311647415161,2741.2646484375,1375.002197265625
696,6504.098998308182,2752.1455078125,1382.6368408203125
697,6518.843168735504,2755.184326171875,1364.6810302734375
698,6531.552894592285,2760.4091796875,1377.6663818359375
699,6543.980313301086,2753.8447265625,1362.409912109375
700,6555.769366502762,2738.4423828125,1368.421875
701,6570.481399774551,2762.98828125,1392.9498291015625
702,6582.540961742401,2779.620361328125,1393.705078125
703,6595.086303472519,2774.20703125,1394.191162109375
704,6608.360080718994,2771.22509765625,1407.224609375
705,6620.734431743622,2760.566650390625,1381.733154296875
706,6632.657225847244,2747.728271484375,1355.1087646484375
707,6645.509581327438,2764.56591796875,1401.1981201171875
708,6658.105714082718,2777.65673828125,1383.2259521484375
709,6670.402381181717,2761.515869140625,1385.125
710,6683.3281898498535,2770.374267578125,1389.7874755859375
711,6694.553325176239,2760.0732421875,1369.9537353515625
712,6706.8390583992,2777.117919921875,1380.487548828125
713,6718.945614337921,2757.087890625,1371.6455078125
714,6731.6168348789215,2787.405029296875,1386.162109375
715,6744.087828874588,2764.19482421875,1366.918701171875
716,6756.939812898636,2773.213623046875,1395.6949462890625
717,6769.307011127472,2781.141845703125,1407.6368408203125
718,6782.07301068306,2774.460693359375,1402.058349609375
719,6795.280697822571,2787.87353515625,1376.73876953125
720,6807.420010328293,2787.0654296875,1402.272705078125
721,6820.191604137421,2791.58837890625,1402.6650390625
722,6833.548062801361,2767.423828125,1381.8880615234375
723,6845.676811218262,2793.493896484375,1389.9964599609375
724,6859.146945953369,2747.737060546875,1378.9534912109375
725,6872.333129644394,2776.0126953125,1383.76220703125
726,6886.294219732285,2813.76904296875,1418.654296875
727,6899.516525030136,2801.27001953125,1406.72998046875
728,6912.1489174366,2792.900390625,1387.380859375
729,6923.621876001358,2803.439453125,1402.9935302734375
730,6938.821502685547,2787.384033203125,1406.914306640625
731,6952.236415147781,2797.927490234375,1378.4190673828125
732,6964.950541496277,2791.23193359375,1395.466552734375
733,6977.593361616135,2818.972412109375,1408.4703369140625
734,6990.464278936386,2821.861572265625,1404.7537841796875
735,7003.051920890808,2792.310302734375,1385.4959716796875
736,7015.45290350914,2803.18701171875,1400.7208251953125
737,7027.59575176239,2805.182373046875,1370.43408203125
738,7040.213856458664,2800.28564453125,1423.7061767578125
739,7052.84263420105,2813.579833984375,1402.4200439453125
740,7065.337723731995,2818.9794921875,1414.4180908203125
741,7076.755373001099,2806.162353515625,1395.68408203125
742,7090.405959844589,2814.46044921875,1415.385009765625
743,7103.358665704727,2800.511474609375,1405.4759521484375
744,7117.199394702911,2805.618408203125,1410.7205810546875
745,7130.150383710861,2835.9150390625,1433.0155029296875
746,7143.572998762131,2814.27001953125,1407.4705810546875
747,7156.0430998802185,2809.8466796875,1429.2095947265625
748,7171.112604856491,2828.677978515625,1413.21044921875
749,7184.678227186203,2805.83154296875,1408.244384765625
750,7197.150312662125,2809.53271484375,1410.4088134765625
751,7210.0042634010315,2798.19921875,1407.2122802734375
752,7222.996344089508,2817.466796875,1399.3302001953125
753,7235.939774751663,2800.650390625,1393.8602294921875
754,7248.650465965271,2819.609619140625,1407.154052734375
755,7262.705204248428,2800.00439453125,1419.9521484375
756,7274.96780705452,2797.130615234375,1386.9622802734375
757,7288.054095506668,2806.56591796875,1409.386474609375
758,7300.255023241043,2824.113037109375,1409.3543701171875
759,7313.234173297882,2821.531494140625,1415.949462890625
760,7325.724823236465,2814.295166015625,1412.5721435546875
761,7338.57320523262,2832.7783203125,1425.7249755859375
762,7352.4910633563995,2850.53076171875,1445.3724365234375
763,7364.9268045425415,2831.3408203125,1415.3636474609375
764,7376.793252944946,2824.7900390625,1402.5941162109375
765,7389.662239313126,2829.016357421875,1416.6846923828125
766,7402.123580932617,2823.4658203125,1404.5174560546875
767,7414.563855648041,2819.525146484375,1407.0516357421875
768,7427.038917064667,2811.045166015625,1386.6705322265625
769,7439.36797618866,2840.65380859375,1432.1370849609375
770,7452.702495574951,2811.6962890625,1394.4110107421875
771,7465.462878227234,2838.939453125,1437.5928955078125
772,7478.049766302109,2820.390625,1403.619384765625
773,7490.0032732486725,2837.221435546875,1422.4339599609375
774,7503.162713766098,2849.093994140625,1414.5980224609375
775,7514.8832750320435,2823.312744140625,1390.78515625
776,7527.610407590866,2852.352294921875,1451.9593505859375
777,7539.962596178055,2849.930419921875,1451.14013671875
778,7552.356816291809,2842.431884765625,1421.602783203125
779,7565.418921709061,2847.206298828125,1423.778076171875
780,7578.739501714706,2830.630615234375,1409.951904296875
781,7591.5592494010925,2839.166748046875,1404.54541015625
782,7605.424056053162,2856.947998046875,1448.080078125
783,7618.446307897568,2833.01708984375,1406.7955322265625
784,7630.632867097855,2869.485107421875,1442.3648681640625
785,7644.615263223648,2870.934326171875,1450.474853515625
786,7655.942597866058,2852.4130859375,1416.9189453125
787,7669.027271032333,2854.671875,1425.6514892578125
788,7682.206983804703,2860.272705078125,1423.150390625
789,7695.014186382294,2847.007568359375,1425.2410888671875
790,7707.795214414597,2852.967529296875,1418.86376953125
791,7719.468319416046,2836.76025390625,1403.90380859375
792,7731.945709228516,2849.589111328125,1439.454833984375
793,7746.323057889938,2851.673095703125,1421.939208984375
794,7759.3951325416565,2809.126220703125,1403.3411865234375
795,7772.116006851196,2856.93798828125,1405.8414306640625
796,7786.658230543137,2846.332763671875,1416.76904296875
797,7799.240014076233,2868.45751953125,1440.02099609375
798,7812.08943772316,2878.161865234375,1438.9290771484375
799,7827.3262259960175,2859.657470703125,1442.60595703125
800,7840.929257392883,2879.544677734375,1435.3514404296875
801,7855.363203763962,2884.88671875,1446.7615966796875
802,7868.552894353867,2852.89794921875,1415.4466552734375
803,7881.62434053421,2872.60302734375,1430.0428466796875
804,7894.3560791015625,2865.959228515625,1437.9495849609375
805,7907.953604698181,2856.1435546875,1421.01123046875
806,7921.7193377017975,2843.846435546875,1425.7357177734375
807,7935.272079467773,2851.75634765625,1436.3419189453125
808,7948.1548862457275,2870.3359375,1421.8975830078125
809,7961.318667650223,2866.92724609375,1432.333740234375
810,7974.711796045303,2856.510009765625,1429.16357421875
811,7988.385402679443,2854.82958984375,1415.4127197265625
812,8002.030471086502,2893.3515625,1453.954833984375
813,8014.619473218918,2882.679931640625,1432.48779296875
814,8027.821185350418,2862.568359375,1453.8837890625
815,8040.072915315628,2892.6416015625,1434.301025390625
816,8051.94474864006,2875.8896484375,1421.155029296875
817,8065.292622566223,2856.578369140625,1436.651611328125
818,8078.602599143982,2843.62109375,1420.670654296875
819,8091.709255456924,2876.821533203125,1450.4674072265625
820,8105.310386896133,2863.385009765625,1417.37255859375
821,8118.732897758484,2862.098388671875,1441.7906494140625
822,8131.342915296555,2876.00244140625,1439.6947021484375
823,8144.180905342102,2872.54638671875,1449.3880615234375
824,8156.628611087799,2893.18798828125,1418.1114501953125
825,8170.577928543091,2854.954345703125,1428.0225830078125
826,8183.209017276764,2853.133056640625,1416.70458984375
827,8196.471782207489,2864.429443359375,1431.564697265625
828,8208.972134590149,2890.267578125,1441.5369873046875
829,8221.882749795914,2885.622802734375,1451.6171875
830,8234.739830732346,2880.57763671875,1443.573486328125
831,8247.043092727661,2892.6904296875,1448.560546875
832,8260.203489780426,2895.564208984375,1455.189453125
833,8273.760736703873,2863.8515625,1457.2186279296875
834,8286.803921222687,2885.586669921875,1418.04541015625
835,8299.801749706268,2893.01953125,1420.66162109375
836,8315.396471261978,2879.82470703125,1437.838623046875
837,8329.20506477356,2860.9755859375,1435.0855712890625
838,8342.18693113327,2880.0966796875,1434.0699462890625
839,8355.172949075699,2895.345458984375,1435.44970703125
840,8368.726182937622,2883.916259765625,1452.538818359375
841,8382.821459770203,2874.743408203125,1453.4515380859375
842,8395.395108938217,2865.190673828125,1429.283203125
843,8408.57913851738,2892.87841796875,1435.748291015625
844,8420.643969297409,2880.18603515625,1411.5135498046875
845,8434.122866392136,2913.91552734375,1457.5009765625
846,8449.156348228455,2869.0791015625,1421.75146484375
847,8462.266856431961,2890.59716796875,1431.1617431640625
848,8474.738248109818,2904.671142578125,1434.9112548828125
849,8488.17456150055,2861.7626953125,1436.061279296875
850,8500.106348276138,2869.474365234375,1397.84765625
851,8512.413359642029,2871.676025390625,1439.1988525390625
852,8526.514726638794,2909.11279296875,1452.8515625
853,8538.900798797607,2887.4814453125,1438.245361328125
854,8551.426396608353,2906.363037109375,1459.1793212890625
855,8563.794095993042,2877.6767578125,1443.6575927734375
856,8576.868316173553,2886.78076171875,1428.3321533203125
857,8590.33588051796,2895.31787109375,1446.6109619140625
858,8602.160781860352,2877.3232421875,1424.8519287109375
859,8614.352347373962,2886.1103515625,1406.549072265625
860,8627.599082946777,2896.52880859375,1452.54052734375
861,8640.826675891876,2927.462646484375,1464.5931396484375
862,8652.82908463478,2906.46142578125,1480.4010009765625
863,8665.349373579025,2869.755859375,1406.5888671875
864,8677.605363368988,2914.81982421875,1453.0377197265625
865,8689.780002832413,2911.771484375,1464.7796630859375
866,8702.052155256271,2917.847900390625,1465.1551513671875
867,8714.790027856827,2891.9306640625,1449.268310546875
868,8727.74183511734,2915.0576171875,1456.9224853515625
869,8740.007477760315,2890.332275390625,1439.9715576171875
870,8753.580998897552,2914.78515625,1440.6226806640625
871,8765.171049118042,2881.576416015625,1418.8397216796875
872,8777.612108945847,2912.876708984375,1442.2412109375
873,8790.163584470749,2916.41357421875,1471.111328125
874,8804.172080755234,2917.754638671875,1447.042236328125
875,8817.649497509003,2902.815185546875,1456.9866943359375
876,8830.738096237183,2917.579833984375,1447.838134765625
877,8841.859763145447,2895.2919921875,1416.6748046875
878,8855.761018276215,2905.867431640625,1461.172119140625
879,8869.60502243042,2922.554443359375,1469.0230712890625
880,8882.79210615158,2884.47802734375,1425.72216796875
881,8896.006070137024,2890.3642578125,1450.1392822265625
882,8909.15660905838,2882.21826171875,1422.7667236328125
883,8922.023439884186,2890.36083984375,1434.3052978515625
884,8933.775372743607,2903.88671875,1457.0504150390625
885,8947.279905080795,2921.054443359375,1440.8580322265625
886,8959.692601919174,2899.505859375,1452.2261962890625
887,8974.759543657303,2900.960205078125,1443.6649169921875
888,8987.779448747635,2909.131103515625,1439.679443359375
889,9000.81012582779,2898.96240234375,1470.2769775390625
890,9014.545901298523,2897.005615234375,1459.5401611328125
891,9026.828496694565,2882.89990234375,1432.17724609375
892,9038.944392442703,2908.76220703125,1432.0736083984375
893,9051.514748334885,2886.32275390625,1453.8272705078125
894,9064.302066802979,2911.354736328125,1464.5341796875
895,9076.651539325714,2931.392822265625,1462.84326171875
896,9090.288169622421,2906.767578125,1465.2581787109375
897,9104.29869890213,2923.28076171875,1452.5074462890625
898,9117.706097126007,2917.801025390625,1462.5670166015625
899,9132.035421609879,2919.0458984375,1455.765869140625
900,9144.891243219376,2892.58154296875,1436.890625
901,9160.536934375763,2922.557861328125,1458.6331787109375
902,9174.527444124222,2890.498046875,1449.23486328125
903,9186.916813850403,2938.5908203125,1457.9173583984375
904,9200.769835472107,2907.19921875,1443.186767578125
905,9213.626874446869,2917.62158203125,1447.4527587890625
906,9226.64393568039,2934.267578125,1459.2713623046875
907,9239.860864400864,2921.837158203125,1470.9376220703125
908,9253.02658033371,2931.733154296875,1458.2857666015625
909,9264.716832637787,2905.224609375,1453.5909423828125
910,9277.992332458496,2928.84912109375,1461.2772216796875
911,9292.559264183044,2932.284423828125,1463.9688720703125
912,9304.499694824219,2917.9111328125,1450.81201171875
913,9316.094991207123,2897.61865234375,1427.004638671875
914,9331.068257808685,2909.476318359375,1457.824951171875
915,9344.181473970413,2912.5615234375,1471.468017578125
916,9357.76508307457,2921.3232421875,1468.4580078125
917,9371.779185295105,2909.02783203125,1458.9246826171875
918,9384.918214559555,2931.984375,1478.857177734375
919,9398.717453479767,2912.250732421875,1451.234375
920,9412.495505332947,2938.294677734375,1464.9473876953125
921,9424.553473472595,2937.963134765625,1463.4443359375
922,9437.872133016586,2920.949951171875,1474.201171875
923,9450.619984388351,2926.228271484375,1473.0928955078125
924,9464.1318795681,2896.50341796875,1445.4188232421875
925,9479.315797567368,2892.66357421875,1460.0078125
926,9492.699236869812,2927.81884765625,1478.7950439453125
927,9504.016231775284,2916.35302734375,1451.8572998046875
928,9516.669378757477,2938.438232421875,1479.111328125
929,9529.597703456879,2928.67236328125,1459.67724609375
930,9542.519717693329,2892.284423828125,1445.7569580078125
931,9554.934031963348,2918.534423828125,1458.05078125
932,9568.245184898376,2922.115478515625,1473.1392822265625
933,9581.50391960144,2926.456298828125,1465.4324951171875
934,9593.48568058014,2901.521484375,1419.1082763671875
935,9606.665976524353,2914.004638671875,1447.6158447265625
936,9621.240844726562,2919.98388671875,1450.32958984375
937,9634.41784787178,2952.033203125,1489.2225341796875
938,9649.236848115921,2905.133056640625,1456.6884765625
939,9661.730752944946,2914.192626953125,1449.376708984375
940,9675.025801181793,2917.856689453125,1470.38232421875
941,9688.85731625557,2924.605224609375,1451.0198974609375
942,9701.908020734787,2906.240234375,1438.138916015625
943,9714.192687988281,2907.213623046875,1443.651611328125
944,9728.756435632706,2947.7275390625,1472.3154296875
945,9741.942991733551,2924.072021484375,1467.28759765625
946,9755.872666597366,2940.404296875,1462.61474609375
947,9769.362899303436,2930.29638671875,1448.673828125
948,9783.160094976425,2939.385986328125,1466.7701416015625
949,9795.731377363205,2902.394287109375,1438.888916015625
950,9809.31206035614,2925.6650390625,1451.004638671875
951,9822.171012163162,2934.027099609375,1463.807373046875
952,9835.230063676834,2922.709228515625,1464.41162109375
953,9848.944405317307,2940.993408203125,1488.0555419921875
954,9861.124610900879,2916.05517578125,1448.1678466796875
955,9873.157862663269,2942.75634765625,1471.9227294921875
956,9885.440818309784,2939.573974609375,1470.69189453125
957,9898.090077877045,2909.75244140625,1444.4385986328125
958,9911.587957143784,2908.57763671875,1454.912353515625
959,9924.071563482285,2926.93310546875,1449.61767578125
960,9936.532496213913,2900.204833984375,1434.0478515625
961,9950.285139083862,2910.579833984375,1450.466552734375
962,9963.336228132248,2936.232421875,1466.6087646484375
963,9976.704413175583,2934.784423828125,1484.0089111328125
964,9991.071976423264,2932.21240234375,1462.105712890625
965,10004.304909467697,2946.881591796875,1480.978515625
966,10016.5763297081,2955.635009765625,1473.322998046875
967,10029.47152042389,2937.12841796875,1453.3243408203125
968,10041.607214689255,2944.302734375,1455.754150390625
969,10055.229949951172,2940.490234375,1460.4296875
970,10068.502720355988,2929.0,1461.7005615234375
971,10080.644590616226,2906.9130859375,1449.323974609375
972,10094.036919116974,2917.63916015625,1436.867431640625
973,10106.760583639145,2927.78466796875,1438.78125
974,10120.604474782944,2960.73876953125,1476.23291015625
975,10133.057109594345,2936.28759765625,1478.103759765625
976,10147.88444519043,2914.08349609375,1460.47607421875
977,10161.22680568695,2919.967041015625,1475.68994140625
978,10175.816041707993,2939.907470703125,1460.494140625
979,10187.851128339767,2918.5791015625,1458.55322265625
980,10200.926306962967,2922.871826171875,1438.333251953125
981,10214.053548574448,2931.099609375,1463.02685546875
982,10227.285119771957,2929.273193359375,1457.8670654296875
983,10241.520539999008,2958.11962890625,1473.4635009765625
984,10254.509218454361,2930.621826171875,1443.1490478515625
985,10267.069169044495,2924.44482421875,1436.4256591796875
986,10279.719344854355,2919.19140625,1453.9647216796875
987,10292.86104798317,2929.891845703125,1457.3095703125
988,10305.593868255615,2940.31640625,1461.373779296875
989,10318.729661464691,2948.935546875,1477.6146240234375
990,10331.114948511124,2954.14794921875,1466.3099365234375
991,10344.514047145844,2917.8828125,1433.123046875
992,10357.415018558502,2956.989013671875,1480.921142578125
993,10370.812173366547,2942.438720703125,1466.021728515625
994,10385.49455165863,2945.28759765625,1443.5731201171875
995,10398.705364227295,2963.7294921875,1474.4599609375
996,10411.803459644318,2958.379638671875,1471.0587158203125
997,10424.160439491272,2927.498046875,1443.9036865234375
998,10437.44508767128,2931.385009765625,1464.1253662109375
999,10450.721135616302,2957.01904296875,1477.0872802734375
